txn_id,sender_id,receiver_id,amount,timestamp,is_fraud,fraud_type
txn_1073,u_1028,u_1006,1277.0,2026-02-15 20:19:55,0,none
txn_star_28,u_1017,u_1045,14.0,2026-02-15 21:46:55,1,star_aggregation
txn_star_18,u_1019,u_1045,31.0,2026-02-15 21:55:55,1,star_aggregation
txn_1396,u_1000,u_1035,782.0,2026-02-15 22:34:55,0,none
txn_1322,u_1047,u_1018,997.0,2026-02-15 22:52:55,0,none
txn_star_33,u_1029,u_1045,49.0,2026-02-15 22:55:55,1,star_aggregation
txn_1397,u_1033,u_1047,2450.0,2026-02-15 23:05:55,0,none
txn_star_22,u_1006,u_1045,20.0,2026-02-15 23:14:55,1,star_aggregation
txn_1276,u_1029,u_1032,5255.0,2026-02-15 23:38:55,0,none
txn_star_2,u_1013,u_1045,38.0,2026-02-16 00:18:55,1,star_aggregation
txn_1046,u_1027,u_1048,860.0,2026-02-16 00:38:55,0,none
txn_star_11,u_1043,u_1045,35.0,2026-02-16 01:14:55,1,star_aggregation
txn_1090,u_1001,u_1043,6584.0,2026-02-16 09:09:55,0,none
txn_mule_in_3,u_1024,u_1040,11179.0,2026-02-16 10:58:55,1,mule_chain
txn_mule_out_3,u_1040,u_1049,13055.0,2026-02-16 11:03:55,1,mule_chain
txn_mule_in_4,u_1010,u_1040,6354.0,2026-02-16 11:17:55,1,mule_chain
txn_mule_out_4,u_1040,u_1049,12189.0,2026-02-16 11:25:55,1,mule_chain
txn_1037,u_1044,u_1038,1462.0,2026-02-16 18:47:55,0,none
txn_1181,u_1021,u_1046,543.0,2026-02-16 18:48:55,0,none
txn_1225,u_1008,u_1004,1566.0,2026-02-16 20:51:55,0,none
txn_1213,u_1018,u_1015,654.0,2026-02-16 21:48:55,0,none
txn_1174,u_1040,u_1019,2450.0,2026-02-16 21:55:55,0,none
txn_1349,u_1022,u_1045,1022.0,2026-02-16 22:32:55,0,none
txn_star_4,u_1016,u_1045,19.0,2026-02-16 22:48:55,1,star_aggregation
txn_1374,u_1023,u_1005,648.0,2026-02-16 22:50:55,0,none
txn_star_24,u_1027,u_1045,39.0,2026-02-16 23:08:55,1,star_aggregation
txn_star_27,u_1027,u_1045,34.0,2026-02-17 00:10:55,1,star_aggregation
txn_star_25,u_1011,u_1045,21.0,2026-02-17 00:13:55,1,star_aggregation
txn_1296,u_1039,u_1024,2521.0,2026-02-17 01:09:55,0,none
txn_1045,u_1031,u_1028,858.0,2026-02-17 02:29:55,0,none
txn_1394,u_1013,u_1033,4235.0,2026-02-17 03:12:55,0,none
txn_1196,u_1011,u_1045,1556.0,2026-02-17 03:59:55,0,none
txn_1348,u_1000,u_1048,611.0,2026-02-17 06:00:55,0,none
txn_1113,u_1006,u_1044,3209.0,2026-02-17 06:58:55,0,none
txn_mule_in_19,u_1028,u_1040,10896.0,2026-02-17 10:52:55,1,mule_chain
txn_mule_out_19,u_1040,u_1049,16473.0,2026-02-17 10:56:55,1,mule_chain
txn_loop_27_0,u_1010,u_1020,36401.0,2026-02-17 11:33:55,1,velocity_loop
txn_loop_27_1,u_1020,u_1030,43791.0,2026-02-17 11:36:55,1,velocity_loop
txn_loop_27_2,u_1030,u_1010,28233.0,2026-02-17 11:39:55,1,velocity_loop
txn_mule_in_1,u_1029,u_1040,14256.0,2026-02-17 12:58:55,1,mule_chain
txn_mule_out_1,u_1040,u_1049,7984.0,2026-02-17 13:05:55,1,mule_chain
txn_mule_in_13,u_1049,u_1040,15057.0,2026-02-17 13:11:55,1,mule_chain
txn_mule_out_13,u_1040,u_1049,13758.0,2026-02-17 13:16:55,1,mule_chain
txn_mule_in_22,u_1024,u_1040,5202.0,2026-02-17 13:28:55,1,mule_chain
txn_mule_out_22,u_1040,u_1049,8781.0,2026-02-17 13:33:55,1,mule_chain
txn_1218,u_1011,u_1043,901.0,2026-02-17 19:06:55,0,none
txn_1114,u_1017,u_1012,350.0,2026-02-17 19:15:55,0,none
txn_1116,u_1015,u_1008,9450.0,2026-02-17 20:26:55,0,none
txn_star_21,u_1002,u_1045,17.0,2026-02-17 20:52:55,1,star_aggregation
txn_star_3,u_1026,u_1045,41.0,2026-02-17 21:25:55,1,star_aggregation
txn_star_13,u_1047,u_1045,43.0,2026-02-17 22:05:55,1,star_aggregation
txn_star_30,u_1029,u_1045,17.0,2026-02-17 22:45:55,1,star_aggregation
txn_1232,u_1033,u_1017,876.0,2026-02-17 23:00:55,0,none
txn_star_12,u_1000,u_1045,16.0,2026-02-17 23:39:55,1,star_aggregation
txn_star_31,u_1040,u_1045,30.0,2026-02-18 00:06:55,1,star_aggregation
txn_1095,u_1002,u_1038,573.0,2026-02-18 00:31:55,0,none
txn_1015,u_1045,u_1031,558.0,2026-02-18 00:51:55,0,none
txn_1134,u_1016,u_1024,2600.0,2026-02-18 01:38:55,0,none
txn_1000,u_1024,u_1026,1564.0,2026-02-18 03:10:55,0,none
txn_1145,u_1011,u_1009,4839.0,2026-02-18 03:42:55,0,none
txn_1344,u_1043,u_1013,9654.0,2026-02-18 07:30:55,0,none
txn_1253,u_1029,u_1036,2326.0,2026-02-18 08:52:55,0,none
txn_mule_in_20,u_1011,u_1040,12061.0,2026-02-18 11:38:55,1,mule_chain
txn_mule_out_20,u_1040,u_1049,11353.0,2026-02-18 11:44:55,1,mule_chain
txn_star_17,u_1026,u_1045,15.0,2026-02-18 20:51:55,1,star_aggregation
txn_star_20,u_1046,u_1045,38.0,2026-02-18 21:01:55,1,star_aggregation
txn_1030,u_1036,u_1019,374.0,2026-02-18 21:08:55,0,none
txn_star_19,u_1030,u_1045,32.0,2026-02-18 22:06:55,1,star_aggregation
txn_star_0,u_1036,u_1045,22.0,2026-02-18 22:40:55,1,star_aggregation
txn_star_15,u_1029,u_1045,47.0,2026-02-18 22:58:55,1,star_aggregation
txn_1130,u_1033,u_1018,3916.0,2026-02-18 23:23:55,0,none
txn_1180,u_1032,u_1009,1006.0,2026-02-18 23:24:55,0,none
txn_star_6,u_1037,u_1045,35.0,2026-02-19 01:03:55,1,star_aggregation
txn_1022,u_1030,u_1017,1683.0,2026-02-19 01:26:55,0,none
txn_1088,u_1019,u_1012,887.0,2026-02-19 01:48:55,0,none
txn_1398,u_1044,u_1043,1381.0,2026-02-19 02:31:55,0,none
txn_1040,u_1040,u_1037,1820.0,2026-02-19 03:07:55,0,none
txn_1314,u_1033,u_1014,2107.0,2026-02-19 03:59:55,0,none
txn_1212,u_1009,u_1036,4823.0,2026-02-19 04:22:55,0,none
txn_1214,u_1026,u_1041,7989.0,2026-02-19 04:26:55,0,none
txn_1156,u_1048,u_1016,4842.0,2026-02-19 08:33:55,0,none
txn_mule_in_9,u_1004,u_1040,9903.0,2026-02-19 14:32:55,1,mule_chain
txn_mule_out_9,u_1040,u_1049,6661.0,2026-02-19 14:38:55,1,mule_chain
txn_1357,u_1014,u_1016,1443.0,2026-02-19 19:50:55,0,none
txn_1337,u_1014,u_1015,773.0,2026-02-19 20:02:55,0,none
txn_1029,u_1004,u_1037,939.0,2026-02-19 20:24:55,0,none
txn_star_9,u_1049,u_1045,25.0,2026-02-19 20:39:55,1,star_aggregation
txn_1195,u_1049,u_1039,234.0,2026-02-19 20:43:55,0,none
txn_star_8,u_1023,u_1045,44.0,2026-02-19 21:23:55,1,star_aggregation
txn_star_29,u_1034,u_1045,21.0,2026-02-19 21:24:55,1,star_aggregation
txn_1393,u_1040,u_1014,756.0,2026-02-19 21:33:55,0,none
txn_1362,u_1014,u_1035,944.0,2026-02-19 22:05:55,0,none
txn_1239,u_1038,u_1044,7279.0,2026-02-19 22:37:55,0,none
txn_1128,u_1020,u_1039,503.0,2026-02-19 22:50:55,0,none
txn_1255,u_1049,u_1026,943.0,2026-02-19 22:53:55,0,none
txn_1345,u_1032,u_1028,955.0,2026-02-19 23:05:55,0,none
txn_1238,u_1047,u_1043,263.0,2026-02-19 23:27:55,0,none
txn_star_32,u_1025,u_1045,47.0,2026-02-20 00:12:55,1,star_aggregation
txn_1222,u_1046,u_1042,1898.0,2026-02-20 00:35:55,0,none
txn_star_1,u_1043,u_1045,45.0,2026-02-20 00:44:55,1,star_aggregation
txn_1139,u_1019,u_1023,312.0,2026-02-20 01:15:55,0,none
txn_star_14,u_1036,u_1045,24.0,2026-02-20 01:17:55,1,star_aggregation
txn_star_7,u_1044,u_1045,36.0,2026-02-20 01:32:55,1,star_aggregation
txn_1330,u_1025,u_1043,297.0,2026-02-20 04:03:55,0,none
txn_1120,u_1007,u_1043,1874.0,2026-02-20 04:33:55,0,none
txn_1284,u_1017,u_1040,1493.0,2026-02-20 04:39:55,0,none
txn_1157,u_1031,u_1048,3727.0,2026-02-20 07:57:55,0,none
txn_1386,u_1037,u_1038,3520.0,2026-02-20 08:45:55,0,none
txn_loop_0_0,u_1010,u_1020,48677.0,2026-02-20 13:33:55,1,velocity_loop
txn_loop_2_0,u_1010,u_1020,19264.0,2026-02-20 13:33:55,1,velocity_loop
txn_loop_0_1,u_1020,u_1030,15554.0,2026-02-20 13:36:55,1,velocity_loop
txn_loop_2_1,u_1020,u_1030,43477.0,2026-02-20 13:36:55,1,velocity_loop
txn_loop_2_2,u_1030,u_1010,35458.0,2026-02-20 13:39:55,1,velocity_loop
txn_loop_0_2,u_1030,u_1010,18778.0,2026-02-20 13:39:55,1,velocity_loop
txn_loop_4_0,u_1010,u_1020,45217.0,2026-02-20 14:33:55,1,velocity_loop
txn_loop_5_0,u_1010,u_1020,28929.0,2026-02-20 14:33:55,1,velocity_loop
txn_loop_4_1,u_1020,u_1030,21353.0,2026-02-20 14:36:55,1,velocity_loop
txn_loop_5_1,u_1020,u_1030,19194.0,2026-02-20 14:36:55,1,velocity_loop
txn_loop_4_2,u_1030,u_1010,46366.0,2026-02-20 14:39:55,1,velocity_loop
txn_loop_5_2,u_1030,u_1010,22261.0,2026-02-20 14:39:55,1,velocity_loop
txn_1389,u_1031,u_1047,4218.0,2026-02-20 19:19:55,0,none
txn_1082,u_1015,u_1034,6951.0,2026-02-20 19:44:55,0,none
txn_1121,u_1022,u_1015,3152.0,2026-02-20 19:49:55,0,none
txn_1328,u_1036,u_1044,1750.0,2026-02-20 21:12:55,0,none
txn_star_23,u_1011,u_1045,45.0,2026-02-20 22:06:55,1,star_aggregation
txn_1369,u_1026,u_1009,5413.0,2026-02-20 22:21:55,0,none
txn_1149,u_1038,u_1005,961.0,2026-02-20 22:21:55,0,none
txn_1223,u_1022,u_1035,3273.0,2026-02-20 22:26:55,0,none
txn_star_10,u_1041,u_1045,49.0,2026-02-20 22:43:55,1,star_aggregation
txn_star_26,u_1001,u_1045,49.0,2026-02-20 23:58:55,1,star_aggregation
txn_1006,u_1029,u_1046,2706.0,2026-02-21 00:19:55,0,none
txn_star_5,u_1024,u_1045,14.0,2026-02-21 00:23:55,1,star_aggregation
txn_1027,u_1030,u_1031,1102.0,2026-02-21 00:36:55,0,none
txn_star_16,u_1022,u_1045,11.0,2026-02-21 00:42:55,1,star_aggregation
txn_1023,u_1012,u_1019,4227.0,2026-02-21 01:52:55,0,none
txn_1321,u_1011,u_1002,3452.0,2026-02-21 04:32:55,0,none
txn_1262,u_1005,u_1033,2962.0,2026-02-21 05:15:55,0,none
txn_1143,u_1042,u_1045,636.0,2026-02-21 05:50:55,0,none
txn_1096,u_1018,u_1021,882.0,2026-02-21 07:45:55,0,none
txn_loop_18_0,u_1010,u_1020,49994.0,2026-02-21 13:33:55,1,velocity_loop
txn_loop_18_1,u_1020,u_1030,38060.0,2026-02-21 13:36:55,1,velocity_loop
txn_loop_18_2,u_1030,u_1010,20877.0,2026-02-21 13:39:55,1,velocity_loop
txn_mule_in_28,u_1008,u_1040,9991.0,2026-02-21 13:39:55,1,mule_chain
txn_mule_out_28,u_1040,u_1049,4110.0,2026-02-21 13:44:55,1,mule_chain
txn_1011,u_1031,u_1020,1689.0,2026-02-21 18:55:55,0,none
txn_1021,u_1048,u_1044,3133.0,2026-02-21 22:20:55,0,none
txn_1211,u_1000,u_1006,509.0,2026-02-21 23:26:55,0,none
txn_1377,u_1021,u_1019,989.0,2026-02-22 00:32:55,0,none
txn_1303,u_1046,u_1043,4531.0,2026-02-22 00:48:55,0,none
txn_1246,u_1013,u_1040,2839.0,2026-02-22 02:40:55,0,none
txn_1359,u_1026,u_1040,756.0,2026-02-22 03:37:55,0,none
txn_1192,u_1011,u_1014,2999.0,2026-02-22 03:47:55,0,none
txn_1277,u_1025,u_1033,668.0,2026-02-22 04:10:55,0,none
txn_1298,u_1026,u_1009,7265.0,2026-02-22 05:59:55,0,none
txn_1399,u_1006,u_1034,1419.0,2026-02-22 08:12:55,0,none
txn_mule_in_17,u_1017,u_1040,7526.0,2026-02-22 10:38:55,1,mule_chain
txn_mule_out_17,u_1040,u_1049,10225.0,2026-02-22 10:45:55,1,mule_chain
txn_mule_in_6,u_1044,u_1040,19541.0,2026-02-22 12:30:55,1,mule_chain
txn_mule_out_6,u_1040,u_1049,13286.0,2026-02-22 12:35:55,1,mule_chain
txn_mule_in_2,u_1005,u_1040,15710.0,2026-02-22 13:16:55,1,mule_chain
txn_mule_out_2,u_1040,u_1049,14647.0,2026-02-22 13:24:55,1,mule_chain
txn_mule_in_10,u_1034,u_1040,10435.0,2026-02-22 14:16:55,1,mule_chain
txn_mule_out_10,u_1040,u_1049,10288.0,2026-02-22 14:24:55,1,mule_chain
txn_1019,u_1029,u_1017,5223.0,2026-02-22 23:40:55,0,none
txn_1272,u_1029,u_1007,4582.0,2026-02-22 23:42:55,0,none
txn_1364,u_1036,u_1039,1782.0,2026-02-23 03:52:55,0,none
txn_1251,u_1007,u_1013,1722.0,2026-02-23 05:23:55,0,none
txn_1168,u_1012,u_1023,6252.0,2026-02-23 05:39:55,0,none
txn_1060,u_1000,u_1036,708.0,2026-02-23 06:26:55,0,none
txn_1243,u_1025,u_1020,865.0,2026-02-23 06:40:55,0,none
txn_1035,u_1016,u_1043,1430.0,2026-02-23 06:44:55,0,none
txn_1166,u_1025,u_1019,963.0,2026-02-23 06:54:55,0,none
txn_1198,u_1018,u_1049,883.0,2026-02-23 08:07:55,0,none
txn_1092,u_1018,u_1014,810.0,2026-02-23 08:13:55,0,none
txn_mule_in_7,u_1004,u_1040,16213.0,2026-02-23 11:32:55,1,mule_chain
txn_mule_out_7,u_1040,u_1049,8593.0,2026-02-23 11:38:55,1,mule_chain
txn_mule_in_27,u_1040,u_1040,13123.0,2026-02-23 12:19:55,1,mule_chain
txn_mule_out_27,u_1040,u_1049,13728.0,2026-02-23 12:25:55,1,mule_chain
txn_loop_11_0,u_1010,u_1020,45232.0,2026-02-23 12:33:55,1,velocity_loop
txn_loop_11_1,u_1020,u_1030,28918.0,2026-02-23 12:36:55,1,velocity_loop
txn_loop_11_2,u_1030,u_1010,21023.0,2026-02-23 12:39:55,1,velocity_loop
txn_mule_in_26,u_1030,u_1040,17823.0,2026-02-23 13:52:55,1,mule_chain
txn_mule_out_26,u_1040,u_1049,5260.0,2026-02-23 13:56:55,1,mule_chain
txn_1185,u_1035,u_1044,3366.0,2026-02-23 20:19:55,0,none
txn_1236,u_1002,u_1047,561.0,2026-02-23 21:13:55,0,none
txn_1385,u_1014,u_1048,798.0,2026-02-23 22:08:55,0,none
txn_1118,u_1014,u_1022,802.0,2026-02-23 22:27:55,0,none
txn_1229,u_1049,u_1003,986.0,2026-02-23 23:40:55,0,none
txn_1293,u_1046,u_1044,636.0,2026-02-24 01:14:55,0,none
txn_1227,u_1019,u_1033,915.0,2026-02-24 01:35:55,0,none
txn_1381,u_1034,u_1042,835.0,2026-02-24 03:56:55,0,none
txn_1087,u_1037,u_1019,3575.0,2026-02-24 05:02:55,0,none
txn_1024,u_1000,u_1046,773.0,2026-02-24 05:35:55,0,none
txn_1347,u_1043,u_1019,456.0,2026-02-24 07:25:55,0,none
txn_loop_16_0,u_1010,u_1020,39473.0,2026-02-24 11:33:55,1,velocity_loop
txn_loop_16_1,u_1020,u_1030,27223.0,2026-02-24 11:36:55,1,velocity_loop
txn_loop_16_2,u_1030,u_1010,32844.0,2026-02-24 11:39:55,1,velocity_loop
txn_mule_in_25,u_1009,u_1040,6036.0,2026-02-24 13:04:55,1,mule_chain
txn_mule_out_25,u_1040,u_1049,6739.0,2026-02-24 13:09:55,1,mule_chain
txn_1332,u_1028,u_1049,746.0,2026-02-24 19:10:55,0,none
txn_1216,u_1036,u_1015,1671.0,2026-02-24 21:00:55,0,none
txn_1266,u_1040,u_1034,2572.0,2026-02-24 22:03:55,0,none
txn_1059,u_1001,u_1041,4020.0,2026-02-24 22:08:55,0,none
txn_1016,u_1014,u_1026,1916.0,2026-02-24 22:15:55,0,none
txn_1032,u_1024,u_1029,1960.0,2026-02-24 22:28:55,0,none
txn_1203,u_1023,u_1036,205.0,2026-02-24 22:38:55,0,none
txn_1309,u_1049,u_1009,397.0,2026-02-24 23:18:55,0,none
txn_1323,u_1036,u_1039,419.0,2026-02-25 04:02:55,0,none
txn_1052,u_1021,u_1027,855.0,2026-02-25 04:15:55,0,none
txn_1258,u_1003,u_1008,4444.0,2026-02-25 05:43:55,0,none
txn_1138,u_1042,u_1049,716.0,2026-02-25 06:11:55,0,none
txn_1187,u_1037,u_1043,1258.0,2026-02-25 09:14:55,0,none
txn_1304,u_1017,u_1036,711.0,2026-02-25 09:22:55,0,none
txn_1370,u_1034,u_1030,593.0,2026-02-25 09:27:55,0,none
txn_loop_1_0,u_1010,u_1020,25635.0,2026-02-25 11:33:55,1,velocity_loop
txn_loop_1_1,u_1020,u_1030,30013.0,2026-02-25 11:36:55,1,velocity_loop
txn_loop_1_2,u_1030,u_1010,17664.0,2026-02-25 11:39:55,1,velocity_loop
txn_mule_in_29,u_1021,u_1040,12212.0,2026-02-25 14:24:55,1,mule_chain
txn_mule_out_29,u_1040,u_1049,9484.0,2026-02-25 14:29:55,1,mule_chain
txn_loop_6_0,u_1010,u_1020,13513.0,2026-02-25 14:33:55,1,velocity_loop
txn_loop_6_1,u_1020,u_1030,33529.0,2026-02-25 14:36:55,1,velocity_loop
txn_loop_6_2,u_1030,u_1010,10628.0,2026-02-25 14:39:55,1,velocity_loop
txn_1329,u_1040,u_1025,3703.0,2026-02-25 21:38:55,0,none
txn_1271,u_1048,u_1023,8537.0,2026-02-25 21:48:55,0,none
txn_1301,u_1042,u_1030,769.0,2026-02-25 22:44:55,0,none
txn_1133,u_1046,u_1006,5320.0,2026-02-26 01:15:55,0,none
txn_1080,u_1044,u_1019,559.0,2026-02-26 01:23:55,0,none
txn_1147,u_1013,u_1025,3939.0,2026-02-26 02:43:55,0,none
txn_1288,u_1033,u_1029,1420.0,2026-02-26 04:32:55,0,none
txn_1186,u_1042,u_1038,947.0,2026-02-26 05:38:55,0,none
txn_1184,u_1003,u_1041,2941.0,2026-02-26 05:39:55,0,none
txn_1226,u_1012,u_1002,3768.0,2026-02-26 06:32:55,0,none
txn_1010,u_1036,u_1040,1568.0,2026-02-26 06:34:55,0,none
txn_1233,u_1038,u_1011,9037.0,2026-02-26 06:39:55,0,none
txn_1269,u_1029,u_1013,5773.0,2026-02-26 09:28:55,0,none
txn_1144,u_1044,u_1049,1132.0,2026-02-26 18:33:55,0,none
txn_1336,u_1044,u_1007,1808.0,2026-02-26 19:12:55,0,none
txn_1199,u_1015,u_1020,7884.0,2026-02-26 20:16:55,0,none
txn_1241,u_1002,u_1039,357.0,2026-02-26 20:56:55,0,none
txn_1351,u_1049,u_1008,884.0,2026-02-26 21:30:55,0,none
txn_1220,u_1024,u_1031,189.0,2026-02-26 21:49:55,0,none
txn_1207,u_1023,u_1015,495.0,2026-02-26 22:47:55,0,none
txn_1221,u_1047,u_1001,465.0,2026-02-26 22:48:55,0,none
txn_1235,u_1045,u_1027,270.0,2026-02-27 00:01:55,0,none
txn_1291,u_1019,u_1031,1770.0,2026-02-27 00:54:55,0,none
txn_1182,u_1045,u_1028,549.0,2026-02-27 00:56:55,0,none
txn_1018,u_1027,u_1048,1327.0,2026-02-27 01:17:55,0,none
txn_1050,u_1040,u_1031,947.0,2026-02-27 02:59:55,0,none
txn_1231,u_1021,u_1011,754.0,2026-02-27 04:32:55,0,none
txn_1191,u_1027,u_1033,941.0,2026-02-27 04:52:55,0,none
txn_1367,u_1027,u_1036,1215.0,2026-02-27 05:14:55,0,none
txn_1137,u_1035,u_1021,1201.0,2026-02-27 06:28:55,0,none
txn_1152,u_1013,u_1049,4697.0,2026-02-27 09:00:55,0,none
txn_1140,u_1030,u_1014,1935.0,2026-02-27 09:27:55,0,none
txn_1228,u_1048,u_1041,3231.0,2026-02-27 09:28:55,0,none
txn_mule_in_23,u_1035,u_1040,19830.0,2026-02-27 11:19:55,1,mule_chain
txn_mule_out_23,u_1040,u_1049,7977.0,2026-02-27 11:25:55,1,mule_chain
txn_1162,u_1040,u_1026,2571.0,2026-02-27 18:34:55,0,none
txn_1380,u_1015,u_1036,5469.0,2026-02-27 19:02:55,0,none
txn_1240,u_1015,u_1042,6201.0,2026-02-27 19:09:55,0,none
txn_1132,u_1014,u_1027,1194.0,2026-02-27 19:59:55,0,none
txn_1206,u_1022,u_1001,3898.0,2026-02-27 20:05:55,0,none
txn_1281,u_1048,u_1025,6095.0,2026-02-27 21:36:55,0,none
txn_1352,u_1024,u_1029,1880.0,2026-02-27 21:38:55,0,none
txn_1354,u_1022,u_1007,1962.0,2026-02-27 22:06:55,0,none
txn_1270,u_1045,u_1020,851.0,2026-02-27 23:41:55,0,none
txn_1331,u_1020,u_1015,213.0,2026-02-28 00:48:55,0,none
txn_1361,u_1045,u_1003,350.0,2026-02-28 01:01:55,0,none
txn_1129,u_1039,u_1041,9690.0,2026-02-28 02:11:55,0,none
txn_1379,u_1044,u_1038,1941.0,2026-02-28 02:31:55,0,none
txn_1372,u_1035,u_1026,3612.0,2026-02-28 04:48:55,0,none
txn_1161,u_1020,u_1037,1079.0,2026-02-28 06:18:55,0,none
txn_1028,u_1016,u_1031,1969.0,2026-02-28 07:04:55,0,none
txn_1108,u_1006,u_1016,4603.0,2026-02-28 08:02:55,0,none
txn_loop_31_0,u_1010,u_1020,42421.0,2026-02-28 12:33:55,1,velocity_loop
txn_loop_3_0,u_1010,u_1020,47670.0,2026-02-28 12:33:55,1,velocity_loop
txn_loop_31_1,u_1020,u_1030,27598.0,2026-02-28 12:36:55,1,velocity_loop
txn_loop_3_1,u_1020,u_1030,35146.0,2026-02-28 12:36:55,1,velocity_loop
txn_loop_3_2,u_1030,u_1010,37724.0,2026-02-28 12:39:55,1,velocity_loop
txn_loop_31_2,u_1030,u_1010,31159.0,2026-02-28 12:39:55,1,velocity_loop
txn_mule_in_5,u_1006,u_1040,19660.0,2026-02-28 13:09:55,1,mule_chain
txn_mule_out_5,u_1040,u_1049,12653.0,2026-02-28 13:11:55,1,mule_chain
txn_1392,u_1004,u_1043,897.0,2026-02-28 19:41:55,0,none
txn_1257,u_1022,u_1008,1990.0,2026-02-28 20:05:55,0,none
txn_1106,u_1040,u_1029,2675.0,2026-02-28 21:40:55,0,none
txn_1316,u_1008,u_1000,1227.0,2026-02-28 22:14:55,0,none
txn_1055,u_1032,u_1000,4944.0,2026-02-28 22:36:55,0,none
txn_1036,u_1035,u_1004,1482.0,2026-03-01 00:01:55,0,none
txn_1268,u_1044,u_1003,823.0,2026-03-01 00:03:55,0,none
txn_1062,u_1045,u_1018,621.0,2026-03-01 00:26:55,0,none
txn_1151,u_1027,u_1032,1443.0,2026-03-01 00:50:55,0,none
txn_1365,u_1009,u_1043,4770.0,2026-03-01 00:52:55,0,none
txn_1081,u_1003,u_1019,3136.0,2026-03-01 01:42:55,0,none
txn_1131,u_1044,u_1007,1840.0,2026-03-01 02:01:55,0,none
txn_1350,u_1004,u_1031,759.0,2026-03-01 07:44:55,0,none
txn_1126,u_1001,u_1004,7947.0,2026-03-01 09:16:55,0,none
txn_1267,u_1015,u_1044,6853.0,2026-03-01 18:37:55,0,none
txn_1177,u_1005,u_1040,9933.0,2026-03-01 20:10:55,0,none
txn_1210,u_1008,u_1049,1544.0,2026-03-01 21:12:55,0,none
txn_1086,u_1043,u_1034,2688.0,2026-03-01 21:55:55,0,none
txn_1175,u_1032,u_1004,3042.0,2026-03-01 22:35:55,0,none
txn_1099,u_1047,u_1021,923.0,2026-03-01 22:37:55,0,none
txn_1053,u_1025,u_1049,763.0,2026-03-01 22:38:55,0,none
txn_1007,u_1033,u_1042,2412.0,2026-03-01 23:00:55,0,none
txn_1197,u_1023,u_1044,836.0,2026-03-01 23:12:55,0,none
txn_1334,u_1044,u_1015,627.0,2026-03-02 00:52:55,0,none
txn_1297,u_1044,u_1007,890.0,2026-03-02 00:53:55,0,none
txn_1125,u_1046,u_1042,8743.0,2026-03-02 01:14:55,0,none
txn_1343,u_1009,u_1011,3187.0,2026-03-02 01:40:55,0,none
txn_1150,u_1039,u_1003,1436.0,2026-03-02 02:15:55,0,none
txn_1171,u_1031,u_1029,4818.0,2026-03-02 02:16:55,0,none
txn_1068,u_1021,u_1036,890.0,2026-03-02 04:32:55,0,none
txn_1079,u_1027,u_1006,1757.0,2026-03-02 04:43:55,0,none
txn_1102,u_1000,u_1017,774.0,2026-03-02 05:56:55,0,none
txn_1043,u_1036,u_1018,1099.0,2026-03-02 06:17:55,0,none
txn_1163,u_1020,u_1010,1841.0,2026-03-02 06:26:55,0,none
txn_1234,u_1005,u_1021,5043.0,2026-03-02 08:11:55,0,none
txn_mule_in_15,u_1035,u_1040,11150.0,2026-03-02 11:55:55,1,mule_chain
txn_mule_out_15,u_1040,u_1049,11075.0,2026-03-02 11:58:55,1,mule_chain
txn_loop_7_0,u_1010,u_1020,22787.0,2026-03-02 12:33:55,1,velocity_loop
txn_loop_7_1,u_1020,u_1030,35162.0,2026-03-02 12:36:55,1,velocity_loop
txn_loop_7_2,u_1030,u_1010,46803.0,2026-03-02 12:39:55,1,velocity_loop
txn_mule_in_31,u_1025,u_1040,10228.0,2026-03-02 12:44:55,1,mule_chain
txn_mule_out_31,u_1040,u_1049,8775.0,2026-03-02 12:51:55,1,mule_chain
txn_1387,u_1021,u_1014,694.0,2026-03-02 19:08:55,0,none
txn_1058,u_1018,u_1029,950.0,2026-03-02 19:40:55,0,none
txn_1107,u_1008,u_1002,176.0,2026-03-02 20:40:55,0,none
txn_1395,u_1040,u_1043,4158.0,2026-03-02 21:34:55,0,none
txn_1104,u_1023,u_1006,791.0,2026-03-02 22:34:55,0,none
txn_1173,u_1020,u_1009,1100.0,2026-03-02 23:01:55,0,none
txn_1265,u_1049,u_1036,526.0,2026-03-02 23:29:55,0,none
txn_1071,u_1045,u_1024,495.0,2026-03-03 00:35:55,0,none
txn_1074,u_1009,u_1027,1764.0,2026-03-03 01:23:55,0,none
txn_1067,u_1031,u_1009,3858.0,2026-03-03 01:55:55,0,none
txn_1014,u_1031,u_1036,2168.0,2026-03-03 02:14:55,0,none
txn_1278,u_1022,u_1003,914.0,2026-03-03 04:11:55,0,none
txn_1275,u_1046,u_1020,3310.0,2026-03-03 05:05:55,0,none
txn_1083,u_1005,u_1040,6467.0,2026-03-03 05:31:55,0,none
txn_1061,u_1007,u_1030,340.0,2026-03-03 05:32:55,0,none
txn_1376,u_1012,u_1049,9656.0,2026-03-03 05:46:55,0,none
txn_1048,u_1017,u_1037,182.0,2026-03-03 09:06:55,0,none
txn_loop_13_0,u_1010,u_1020,47533.0,2026-03-03 11:33:55,1,velocity_loop
txn_loop_13_1,u_1020,u_1030,17484.0,2026-03-03 11:36:55,1,velocity_loop
txn_loop_13_2,u_1030,u_1010,27556.0,2026-03-03 11:39:55,1,velocity_loop
txn_mule_in_24,u_1024,u_1040,7777.0,2026-03-03 12:16:55,1,mule_chain
txn_mule_out_24,u_1040,u_1049,6274.0,2026-03-03 12:20:55,1,mule_chain
txn_mule_in_0,u_1022,u_1040,9379.0,2026-03-03 13:25:55,1,mule_chain
txn_mule_out_0,u_1040,u_1049,17024.0,2026-03-03 13:30:55,1,mule_chain
txn_loop_8_0,u_1010,u_1020,36813.0,2026-03-03 14:33:55,1,velocity_loop
txn_loop_8_1,u_1020,u_1030,42225.0,2026-03-03 14:36:55,1,velocity_loop
txn_loop_8_2,u_1030,u_1010,37238.0,2026-03-03 14:39:55,1,velocity_loop
txn_1165,u_1015,u_1028,9848.0,2026-03-03 18:38:55,0,none
txn_1097,u_1008,u_1035,1894.0,2026-03-03 21:05:55,0,none
txn_1340,u_1043,u_1049,9861.0,2026-03-03 22:01:55,0,none
txn_1167,u_1049,u_1010,178.0,2026-03-03 23:05:55,0,none
txn_1123,u_1030,u_1028,1793.0,2026-03-04 01:10:55,0,none
txn_1286,u_1012,u_1039,8841.0,2026-03-04 01:35:55,0,none
txn_1044,u_1019,u_1045,924.0,2026-03-04 02:07:55,0,none
txn_1153,u_1007,u_1019,1488.0,2026-03-04 02:15:55,0,none
txn_1237,u_1003,u_1005,3527.0,2026-03-04 02:24:55,0,none
txn_1242,u_1028,u_1049,357.0,2026-03-04 02:56:55,0,none
txn_1017,u_1037,u_1023,3976.0,2026-03-04 04:55:55,0,none
txn_1254,u_1025,u_1046,936.0,2026-03-04 04:59:55,0,none
txn_1250,u_1010,u_1046,1926.0,2026-03-04 05:47:55,0,none
txn_1259,u_1010,u_1021,2347.0,2026-03-04 06:30:55,0,none
txn_1244,u_1001,u_1048,3148.0,2026-03-04 08:57:55,0,none
txn_loop_15_0,u_1010,u_1020,37862.0,2026-03-04 12:33:55,1,velocity_loop
txn_loop_21_0,u_1010,u_1020,31210.0,2026-03-04 12:33:55,1,velocity_loop
txn_loop_21_1,u_1020,u_1030,29178.0,2026-03-04 12:36:55,1,velocity_loop
txn_loop_15_1,u_1020,u_1030,16711.0,2026-03-04 12:36:55,1,velocity_loop
txn_loop_21_2,u_1030,u_1010,28961.0,2026-03-04 12:39:55,1,velocity_loop
txn_loop_15_2,u_1030,u_1010,26222.0,2026-03-04 12:39:55,1,velocity_loop
txn_mule_in_21,u_1001,u_1040,6468.0,2026-03-04 13:39:55,1,mule_chain
txn_mule_out_21,u_1040,u_1049,9798.0,2026-03-04 13:45:55,1,mule_chain
txn_1219,u_1034,u_1032,1710.0,2026-03-04 21:34:55,0,none
txn_1390,u_1022,u_1010,1646.0,2026-03-04 22:04:55,0,none
txn_1158,u_1034,u_1046,571.0,2026-03-04 22:26:55,0,none
txn_1063,u_1030,u_1031,699.0,2026-03-05 00:42:55,0,none
txn_1300,u_1045,u_1008,631.0,2026-03-05 00:53:55,0,none
txn_1012,u_1016,u_1022,4681.0,2026-03-05 01:33:55,0,none
txn_1356,u_1019,u_1030,1479.0,2026-03-05 01:57:55,0,none
txn_1279,u_1041,u_1044,3955.0,2026-03-05 02:33:55,0,none
txn_1282,u_1036,u_1035,598.0,2026-03-05 03:51:55,0,none
txn_1346,u_1026,u_1030,9739.0,2026-03-05 04:02:55,0,none
txn_1319,u_1005,u_1042,9606.0,2026-03-05 05:20:55,0,none
txn_1057,u_1048,u_1003,3435.0,2026-03-05 08:41:55,0,none
txn_mule_in_8,u_1020,u_1040,5256.0,2026-03-05 10:44:55,1,mule_chain
txn_mule_out_8,u_1040,u_1049,7394.0,2026-03-05 10:50:55,1,mule_chain
txn_loop_29_0,u_1010,u_1020,16104.0,2026-03-05 11:33:55,1,velocity_loop
txn_loop_10_0,u_1010,u_1020,24452.0,2026-03-05 11:33:55,1,velocity_loop
txn_loop_29_1,u_1020,u_1030,40044.0,2026-03-05 11:36:55,1,velocity_loop
txn_loop_10_1,u_1020,u_1030,29142.0,2026-03-05 11:36:55,1,velocity_loop
txn_loop_10_2,u_1030,u_1010,12142.0,2026-03-05 11:39:55,1,velocity_loop
txn_loop_29_2,u_1030,u_1010,33476.0,2026-03-05 11:39:55,1,velocity_loop
txn_loop_26_0,u_1010,u_1020,37146.0,2026-03-05 13:33:55,1,velocity_loop
txn_loop_22_0,u_1010,u_1020,43712.0,2026-03-05 13:33:55,1,velocity_loop
txn_loop_20_0,u_1010,u_1020,44883.0,2026-03-05 13:33:55,1,velocity_loop
txn_loop_26_1,u_1020,u_1030,34587.0,2026-03-05 13:36:55,1,velocity_loop
txn_loop_20_1,u_1020,u_1030,28421.0,2026-03-05 13:36:55,1,velocity_loop
txn_loop_22_1,u_1020,u_1030,16240.0,2026-03-05 13:36:55,1,velocity_loop
txn_loop_20_2,u_1030,u_1010,49115.0,2026-03-05 13:39:55,1,velocity_loop
txn_loop_22_2,u_1030,u_1010,18885.0,2026-03-05 13:39:55,1,velocity_loop
txn_loop_26_2,u_1030,u_1010,39621.0,2026-03-05 13:39:55,1,velocity_loop
txn_1141,u_1035,u_1023,1141.0,2026-03-05 19:47:55,0,none
txn_1363,u_1018,u_1014,917.0,2026-03-05 19:53:55,0,none
txn_1066,u_1018,u_1047,652.0,2026-03-05 20:15:55,0,none
txn_1026,u_1048,u_1031,1780.0,2026-03-05 21:51:55,0,none
txn_1069,u_1020,u_1012,1628.0,2026-03-05 22:57:55,0,none
txn_1136,u_1023,u_1008,669.0,2026-03-05 23:08:55,0,none
txn_1384,u_1023,u_1020,523.0,2026-03-05 23:28:55,0,none
txn_1109,u_1023,u_1043,860.0,2026-03-06 01:20:55,0,none
txn_1252,u_1031,u_1001,3156.0,2026-03-06 01:56:55,0,none
txn_1342,u_1007,u_1003,1797.0,2026-03-06 05:07:55,0,none
txn_1307,u_1046,u_1017,4915.0,2026-03-06 05:16:55,0,none
txn_1217,u_1000,u_1040,680.0,2026-03-06 05:59:55,0,none
txn_1049,u_1041,u_1028,2378.0,2026-03-06 08:00:55,0,none
txn_loop_19_0,u_1010,u_1020,23541.0,2026-03-06 12:33:55,1,velocity_loop
txn_loop_19_1,u_1020,u_1030,23562.0,2026-03-06 12:36:55,1,velocity_loop
txn_loop_19_2,u_1030,u_1010,13890.0,2026-03-06 12:39:55,1,velocity_loop
txn_1360,u_1006,u_1039,475.0,2026-03-06 19:16:55,0,none
txn_1261,u_1017,u_1008,1380.0,2026-03-06 20:07:55,0,none
txn_1077,u_1048,u_1031,8964.0,2026-03-06 21:37:55,0,none
txn_1169,u_1009,u_1017,2116.0,2026-03-07 00:42:55,0,none
txn_1312,u_1044,u_1017,781.0,2026-03-07 01:20:55,0,none
txn_1154,u_1019,u_1002,551.0,2026-03-07 01:36:55,0,none
txn_1188,u_1044,u_1042,1302.0,2026-03-07 02:18:55,0,none
txn_1179,u_1036,u_1042,585.0,2026-03-07 04:03:55,0,none
txn_1033,u_1037,u_1027,2601.0,2026-03-07 04:36:55,0,none
txn_1142,u_1027,u_1036,1771.0,2026-03-07 05:32:55,0,none
txn_1124,u_1006,u_1029,4327.0,2026-03-07 07:35:55,0,none
txn_1042,u_1004,u_1003,1859.0,2026-03-07 08:20:55,0,none
txn_1289,u_1039,u_1020,2762.0,2026-03-07 08:20:55,0,none
txn_1005,u_1031,u_1006,3751.0,2026-03-07 19:30:55,0,none
txn_1189,u_1005,u_1020,9357.0,2026-03-07 20:23:55,0,none
txn_1353,u_1043,u_1042,8935.0,2026-03-07 20:28:55,0,none
txn_1224,u_1049,u_1043,575.0,2026-03-07 20:44:55,0,none
txn_1260,u_1018,u_1005,628.0,2026-03-07 22:08:55,0,none
txn_1202,u_1038,u_1008,4196.0,2026-03-07 23:03:55,0,none
txn_1190,u_1021,u_1008,843.0,2026-03-08 00:15:55,0,none
txn_1105,u_1039,u_1035,5474.0,2026-03-08 00:37:55,0,none
txn_1034,u_1039,u_1048,1725.0,2026-03-08 00:46:55,0,none
txn_1333,u_1046,u_1036,387.0,2026-03-08 00:56:55,0,none
txn_1076,u_1043,u_1034,6326.0,2026-03-08 01:18:55,0,none
txn_1056,u_1012,u_1034,6427.0,2026-03-08 02:01:55,0,none
txn_1326,u_1021,u_1010,874.0,2026-03-08 03:49:55,0,none
txn_1295,u_1037,u_1030,1496.0,2026-03-08 05:19:55,0,none
txn_1093,u_1012,u_1040,4606.0,2026-03-08 05:39:55,0,none
txn_1025,u_1003,u_1036,2593.0,2026-03-08 06:28:55,0,none
txn_1176,u_1003,u_1024,2551.0,2026-03-08 06:28:55,0,none
txn_1215,u_1031,u_1039,4591.0,2026-03-08 08:05:55,0,none
txn_1264,u_1001,u_1006,844.0,2026-03-08 08:46:55,0,none
txn_1084,u_1037,u_1009,2002.0,2026-03-08 08:49:55,0,none
txn_1366,u_1017,u_1003,1240.0,2026-03-08 09:16:55,0,none
txn_mule_in_16,u_1049,u_1040,15135.0,2026-03-08 13:38:55,1,mule_chain
txn_mule_out_16,u_1040,u_1049,8839.0,2026-03-08 13:46:55,1,mule_chain
txn_1248,u_1028,u_1005,1859.0,2026-03-08 18:55:55,0,none
txn_1003,u_1002,u_1023,745.0,2026-03-08 20:56:55,0,none
txn_1194,u_1006,u_1033,4621.0,2026-03-08 23:54:55,0,none
txn_1302,u_1029,u_1035,5808.0,2026-03-09 00:22:55,0,none
txn_1315,u_1021,u_1046,741.0,2026-03-09 00:22:55,0,none
txn_1313,u_1037,u_1015,2086.0,2026-03-09 02:30:55,0,none
txn_1256,u_1041,u_1004,3786.0,2026-03-09 03:06:55,0,none
txn_1183,u_1018,u_1025,709.0,2026-03-09 08:11:55,0,none
txn_loop_24_0,u_1010,u_1020,26362.0,2026-03-09 12:33:55,1,velocity_loop
txn_loop_24_1,u_1020,u_1030,19584.0,2026-03-09 12:36:55,1,velocity_loop
txn_loop_24_2,u_1030,u_1010,31108.0,2026-03-09 12:39:55,1,velocity_loop
txn_loop_28_0,u_1010,u_1020,39798.0,2026-03-09 13:33:55,1,velocity_loop
txn_loop_28_1,u_1020,u_1030,41984.0,2026-03-09 13:36:55,1,velocity_loop
txn_loop_28_2,u_1030,u_1010,31449.0,2026-03-09 13:39:55,1,velocity_loop
txn_mule_in_32,u_1015,u_1040,10339.0,2026-03-09 14:09:55,1,mule_chain
txn_mule_out_32,u_1040,u_1049,10161.0,2026-03-09 14:13:55,1,mule_chain
txn_loop_9_0,u_1010,u_1020,42027.0,2026-03-09 14:33:55,1,velocity_loop
txn_loop_9_1,u_1020,u_1030,20961.0,2026-03-09 14:36:55,1,velocity_loop
txn_loop_9_2,u_1030,u_1010,15417.0,2026-03-09 14:39:55,1,velocity_loop
txn_1245,u_1035,u_1007,2344.0,2026-03-09 20:01:55,0,none
txn_1305,u_1018,u_1046,606.0,2026-03-09 20:04:55,0,none
txn_1209,u_1008,u_1002,687.0,2026-03-09 21:26:55,0,none
txn_1089,u_1024,u_1037,835.0,2026-03-09 21:51:55,0,none
txn_1368,u_1042,u_1024,902.0,2026-03-09 22:59:55,0,none
txn_1001,u_1044,u_1040,997.0,2026-03-10 01:22:55,0,none
txn_1290,u_1019,u_1038,788.0,2026-03-10 02:09:55,0,none
txn_1111,u_1039,u_1026,4683.0,2026-03-10 05:56:55,0,none
txn_1338,u_1047,u_1038,482.0,2026-03-10 07:08:55,0,none
txn_mule_in_11,u_1044,u_1040,16864.0,2026-03-10 12:23:55,1,mule_chain
txn_mule_out_11,u_1040,u_1049,5284.0,2026-03-10 12:29:55,1,mule_chain
txn_mule_in_12,u_1006,u_1040,12161.0,2026-03-10 12:36:55,1,mule_chain
txn_mule_out_12,u_1040,u_1049,7803.0,2026-03-10 12:44:55,1,mule_chain
txn_1299,u_1032,u_1040,4363.0,2026-03-10 19:36:55,0,none
txn_1078,u_1015,u_1041,4908.0,2026-03-10 19:38:55,0,none
txn_1070,u_1014,u_1027,589.0,2026-03-10 20:03:55,0,none
txn_1146,u_1047,u_1040,131.0,2026-03-10 23:06:55,0,none
txn_1100,u_1009,u_1049,2348.0,2026-03-11 02:16:55,0,none
txn_1013,u_1033,u_1012,901.0,2026-03-11 03:59:55,0,none
txn_1020,u_1046,u_1012,5369.0,2026-03-11 05:07:55,0,none
txn_1122,u_1003,u_1009,3648.0,2026-03-11 05:37:55,0,none
txn_1294,u_1049,u_1037,691.0,2026-03-11 06:36:55,0,none
txn_1280,u_1006,u_1028,1297.0,2026-03-11 06:56:55,0,none
txn_1310,u_1005,u_1023,7447.0,2026-03-11 08:03:55,0,none
txn_1135,u_1005,u_1006,7275.0,2026-03-11 09:20:55,0,none
txn_mule_in_14,u_1040,u_1040,9478.0,2026-03-11 12:34:55,1,mule_chain
txn_mule_out_14,u_1040,u_1049,16837.0,2026-03-11 12:39:55,1,mule_chain
txn_loop_14_0,u_1010,u_1020,45523.0,2026-03-11 13:33:55,1,velocity_loop
txn_loop_14_1,u_1020,u_1030,12726.0,2026-03-11 13:36:55,1,velocity_loop
txn_loop_14_2,u_1030,u_1010,38925.0,2026-03-11 13:39:55,1,velocity_loop
txn_loop_12_0,u_1010,u_1020,47070.0,2026-03-11 14:33:55,1,velocity_loop
txn_loop_23_0,u_1010,u_1020,13885.0,2026-03-11 14:33:55,1,velocity_loop
txn_loop_23_1,u_1020,u_1030,28174.0,2026-03-11 14:36:55,1,velocity_loop
txn_loop_12_1,u_1020,u_1030,42460.0,2026-03-11 14:36:55,1,velocity_loop
txn_loop_12_2,u_1030,u_1010,46026.0,2026-03-11 14:39:55,1,velocity_loop
txn_loop_23_2,u_1030,u_1010,18315.0,2026-03-11 14:39:55,1,velocity_loop
txn_1355,u_1008,u_1047,556.0,2026-03-11 21:34:55,0,none
txn_1031,u_1048,u_1026,9866.0,2026-03-11 22:06:55,0,none
txn_1170,u_1048,u_1049,1334.0,2026-03-11 22:13:55,0,none
txn_1047,u_1014,u_1044,1678.0,2026-03-11 22:16:55,0,none
txn_1054,u_1020,u_1016,862.0,2026-03-11 22:58:55,0,none
txn_1148,u_1023,u_1019,838.0,2026-03-12 01:09:55,0,none
txn_1388,u_1041,u_1044,2865.0,2026-03-12 03:25:55,0,none
txn_1200,u_1036,u_1028,1145.0,2026-03-12 03:57:55,0,none
txn_1009,u_1005,u_1018,7585.0,2026-03-12 05:02:55,0,none
txn_1155,u_1000,u_1014,654.0,2026-03-12 05:41:55,0,none
txn_1285,u_1025,u_1023,547.0,2026-03-12 06:42:55,0,none
txn_1335,u_1010,u_1026,4616.0,2026-03-12 07:52:55,0,none
txn_1283,u_1004,u_1025,4630.0,2026-03-12 08:08:55,0,none
txn_1339,u_1030,u_1049,1300.0,2026-03-12 08:48:55,0,none
txn_1317,u_1030,u_1031,1532.0,2026-03-12 08:51:55,0,none
txn_mule_in_18,u_1024,u_1040,10188.0,2026-03-12 12:20:55,1,mule_chain
txn_mule_out_18,u_1040,u_1049,9909.0,2026-03-12 12:22:55,1,mule_chain
txn_1098,u_1017,u_1010,626.0,2026-03-12 18:51:55,0,none
txn_1101,u_1025,u_1036,574.0,2026-03-12 22:58:55,0,none
txn_1287,u_1002,u_1003,340.0,2026-03-12 23:03:55,0,none
txn_1325,u_1032,u_1029,2735.0,2026-03-12 23:40:55,0,none
txn_1327,u_1045,u_1011,114.0,2026-03-12 23:51:55,0,none
txn_1382,u_1032,u_1031,4317.0,2026-03-13 00:19:55,0,none
txn_1002,u_1019,u_1044,1329.0,2026-03-13 01:09:55,0,none
txn_1292,u_1043,u_1007,6924.0,2026-03-13 01:30:55,0,none
txn_1094,u_1040,u_1042,522.0,2026-03-13 03:01:55,0,none
txn_1119,u_1009,u_1008,4925.0,2026-03-13 03:44:55,0,none
txn_1358,u_1012,u_1047,2348.0,2026-03-13 06:15:55,0,none
txn_1039,u_1004,u_1044,2412.0,2026-03-13 08:23:55,0,none
txn_1208,u_1001,u_1021,1723.0,2026-03-13 08:42:55,0,none
txn_1115,u_1013,u_1042,674.0,2026-03-13 08:54:55,0,none
txn_mule_in_30,u_1020,u_1040,14883.0,2026-03-13 11:52:55,1,mule_chain
txn_mule_out_30,u_1040,u_1049,15391.0,2026-03-13 11:55:55,1,mule_chain
txn_loop_25_0,u_1010,u_1020,35736.0,2026-03-13 12:33:55,1,velocity_loop
txn_loop_25_1,u_1020,u_1030,42077.0,2026-03-13 12:36:55,1,velocity_loop
txn_loop_25_2,u_1030,u_1010,19317.0,2026-03-13 12:39:55,1,velocity_loop
txn_loop_32_0,u_1010,u_1020,32135.0,2026-03-13 13:33:55,1,velocity_loop
txn_loop_32_1,u_1020,u_1030,45868.0,2026-03-13 13:36:55,1,velocity_loop
txn_loop_32_2,u_1030,u_1010,47875.0,2026-03-13 13:39:55,1,velocity_loop
txn_1065,u_1017,u_1027,796.0,2026-03-13 19:33:55,0,none
txn_1041,u_1014,u_1042,805.0,2026-03-13 19:42:55,0,none
txn_1117,u_1048,u_1035,3494.0,2026-03-13 22:28:55,0,none
txn_1201,u_1032,u_1034,3929.0,2026-03-13 23:45:55,0,none
txn_1205,u_1009,u_1028,1251.0,2026-03-14 01:01:55,0,none
txn_1308,u_1034,u_1024,1934.0,2026-03-14 03:55:55,0,none
txn_1110,u_1046,u_1009,6997.0,2026-03-14 05:04:55,0,none
txn_1263,u_1039,u_1047,5631.0,2026-03-14 06:28:55,0,none
txn_1103,u_1043,u_1048,4395.0,2026-03-14 07:13:55,0,none
txn_1391,u_1011,u_1035,681.0,2026-03-14 07:27:55,0,none
txn_1091,u_1043,u_1048,903.0,2026-03-14 07:30:55,0,none
txn_loop_30_0,u_1010,u_1020,45024.0,2026-03-14 11:33:55,1,velocity_loop
txn_loop_17_0,u_1010,u_1020,38774.0,2026-03-14 11:33:55,1,velocity_loop
txn_loop_17_1,u_1020,u_1030,17693.0,2026-03-14 11:36:55,1,velocity_loop
txn_loop_30_1,u_1020,u_1030,36064.0,2026-03-14 11:36:55,1,velocity_loop
txn_loop_30_2,u_1030,u_1010,24275.0,2026-03-14 11:39:55,1,velocity_loop
txn_loop_17_2,u_1030,u_1010,25528.0,2026-03-14 11:39:55,1,velocity_loop
txn_1273,u_1006,u_1003,2577.0,2026-03-14 19:12:55,0,none
txn_1004,u_1004,u_1033,3295.0,2026-03-14 19:59:55,0,none
txn_1038,u_1018,u_1046,644.0,2026-03-14 20:02:55,0,none
txn_1072,u_1008,u_1033,1308.0,2026-03-14 20:39:55,0,none
txn_1193,u_1008,u_1010,258.0,2026-03-14 21:23:55,0,none
txn_1159,u_1042,u_1022,536.0,2026-03-14 23:20:55,0,none
txn_1164,u_1044,u_1023,680.0,2026-03-14 23:39:55,0,none
txn_1051,u_1021,u_1020,843.0,2026-03-14 23:43:55,0,none
txn_1008,u_1046,u_1037,4597.0,2026-03-15 00:48:55,0,none
txn_1064,u_1024,u_1012,1987.0,2026-03-15 02:37:55,0,none
txn_1375,u_1024,u_1044,1338.0,2026-03-15 02:37:55,0,none
txn_1172,u_1036,u_1042,1501.0,2026-03-15 04:13:55,0,none
txn_1075,u_1016,u_1022,6612.0,2026-03-15 06:54:55,0,none
txn_1112,u_1013,u_1029,4142.0,2026-03-15 08:56:55,0,none
txn_1247,u_1008,u_1004,1025.0,2026-03-15 22:18:55,0,none
txn_1127,u_1006,u_1032,3833.0,2026-03-15 23:38:55,0,none
txn_1085,u_1029,u_1016,353.0,2026-03-15 23:51:55,0,none
txn_1249,u_1045,u_1004,663.0,2026-03-15 23:52:55,0,none
txn_1230,u_1023,u_1028,509.0,2026-03-16 00:57:55,0,none
txn_1320,u_1046,u_1002,3068.0,2026-03-16 01:26:55,0,none
txn_1324,u_1041,u_1034,4395.0,2026-03-16 02:41:55,0,none
txn_1204,u_1048,u_1010,4569.0,2026-03-16 09:05:55,0,none
txn_1160,u_1002,u_1028,219.0,2026-03-16 20:37:55,0,none
txn_1274,u_1026,u_1015,3116.0,2026-03-16 22:09:55,0,none
txn_1318,u_1020,u_1018,1522.0,2026-03-16 23:22:55,0,none
txn_1371,u_1045,u_1009,925.0,2026-03-16 23:36:55,0,none
txn_1383,u_1030,u_1049,1919.0,2026-03-17 00:46:55,0,none
txn_1378,u_1012,u_1048,2422.0,2026-03-17 01:48:55,0,none
txn_1311,u_1013,u_1012,4912.0,2026-03-17 03:08:55,0,none
txn_1341,u_1033,u_1046,3163.0,2026-03-17 04:09:55,0,none
txn_1178,u_1035,u_1048,536.0,2026-03-17 06:24:55,0,none
txn_1306,u_1020,u_1031,914.0,2026-03-17 06:32:55,0,none
txn_1373,u_1016,u_1013,5511.0,2026-03-17 07:01:55,0,none
live_103859367042,u_1001,u_1007,500.0,2026-03-17 10:38:59,0,none
live_104209803771,u_1001,u_1004,1400.0,2026-03-17 10:42:09,0,none
live_105511118012,u_1001,u_1004,1400.0,2026-03-17 10:55:11,0,none
live_113043630907,u_1001,u_1007,500.0,2026-03-17 11:30:43,0,none
live_113111554113,u_1001,u_1040,14763.0,2026-03-17 11:31:11,1,live_detection
live_115934988343,u_1001,u_1040,14763.0,2026-03-17 11:59:34,1,live_detection
live_122013987653,u_1001,u_1007,500.0,2026-03-17 12:20:13,0,none
live_124655433409,u_1001,u_1040,14763.0,2026-03-17 12:46:55,1,live_detection
live_135324122024,u_1001, u_1005,700.0,2026-03-17 13:53:24,0,none
live_135411290744,u_1001, u_1007,700.0,2026-03-17 13:54:11,0,none
live_135423666464,u_1001, u_1004,700.0,2026-03-17 13:54:23,0,none
live_135434098729,u_1001,u_1040,14763.0,2026-03-17 13:54:34,1,live_detection
live_135528672712,u_1006,u_1009,14763.0,2026-03-17 13:55:28,0,none
live_135546243166,u_1001,u_1012,14763.0,2026-03-17 13:55:46,0,none
live_135603451307,u_1001,u_1004,14763.0,2026-03-17 13:56:03,0,none
live_135621813775,u_1001,u_1041,14763.0,2026-03-17 13:56:21,0,none
live_135638463410,u_1001,u_1040,14763.0,2026-03-17 13:56:38,1,live_detection
live_140501363080,u_1011,u_1045,45.0,2026-03-17 14:05:01,0,none
live_140935150994,u_1011,u_1045,45.0,2026-03-17 14:09:35,0,none
live_144659996607,u_1001,u_1040,14763.0,2026-03-17 14:46:59,1,live_detection
